{"timestamps": [1485977740.605315, 1485977746.338658, 1485977748.689396, 1485977750.733545, 1485977752.436754, 1485977755.190449, 1485977756.313932, 1485977758.306854, 1485977761.956347, 1485977764.605361, 1485977766.271733, 1485977768.799913, 1485977770.550276, 1485977774.235323, 1485977776.551302, 1485977779.034402, 1485977781.801814, 1485977783.754422, 1485977786.369036, 1485977788.436309, 1485977790.953376, 1485977792.903801, 1485977796.623877, 1485977798.326629, 1485977800.204582, 1485977801.2778, 1485977803.56598], "initial_reset_timestamp": 1485977734.193699, "episode_types": ["t", "t", "t", "t", "t", "t", "t", "t", "t", "t", "t", "t", "t", "t", "t", "t", "t", "t", "t", "t", "t", "t", "t", "t", "t", "t", "t", "t"], "episode_lengths": [122, 85, 96, 80, 63, 78, 58, 82, 72, 94, 57, 125, 59, 137, 84, 89, 101, 69, 92, 74, 92, 65, 129, 104, 112, 58, 128], "episode_rewards": [-568.7492992520316, -164.52970604818685, -131.20772029415087, -347.9167257551974, -167.4841621948607, -213.30932623513073, -188.10433235615733, -297.4743017627411, -247.8615973854263, -151.19023436983804, -152.61938536160065, -397.7031863613331, -258.12762492077263, -211.9200477418862, -209.6323501011897, -145.72786898247534, -550.5564139899512, -170.68375653729186, -183.75882690603078, -182.80738487498746, -323.96569372011584, -145.463109834364, -204.40889749093805, -180.8598835060768, -144.5613124200245, -113.80893333986702, -211.6192212903187]}